vec0,vec1,vec2,vec3,vec4,vec5,vec6,vec7,vec8,vec9,vec10,vec11,vec12,vec13,vec14,vec15,vec16,vec17,vec18,vec19,vec20,vec21,vec22,vec23,vec24,vec25,vec26,vec27,vec28,vec29,vec30,vec31,vec32,vec33,vec34,vec35,vec36,vec37,vec38,vec39,vec40,vec41,vec42,vec43,vec44,vec45,vec46,vec47,vec48,vec49,vec50,vec51,vec52,vec53,vec54,vec55,vec56,vec57,vec58,vec59,vec60,vec61,vec62,vec63,vec64,vec65,vec66,vec67,vec68,vec69,vec70,vec71,vec72,vec73,vec74,vec75,vec76,vec77,vec78,vec79,vec80,vec81,vec82,vec83,vec84,vec85,vec86,vec87,vec88,vec89,vec90,vec91,vec92,vec93,vec94,vec95,vec96,vec97,vec98,vec99,Class
-0.700430632,-0.200089037,1.4616189,0.896027803,-0.929833412,-0.912067831,-1.092193723,1.487468004,-0.223212987,-0.556066096,0.215577468,0.460300505,-0.315978467,1.779021978,0.361809939,1.158117294,0.541879475,0.116010219,0.172034502,-1.050271988,-0.354398906,0.71471566,0.307855904,-0.1189344,1.417007685,-0.573955953,0.144156024,2.197427511,0.202518076,1.186264396,0.183833018,-1.12211597,0.227236673,-0.967341363,-0.057260174,-0.348177135,-1.015472651,-0.726422369,0.465614021,-0.608160138,-1.096184969,0.351234227,-0.25520575,1.264385939,0.214676529,-0.723700285,0.382167518,-1.521116018,0.414190173,0.515199244,0.761028647,-0.400511205,-0.892350793,0.004888859,0.010793165,-0.563405037,-0.457515925,-0.681574583,0.297664016,-1.781535625,-1.677396059,0.793396831,0.240900859,0.99742645,0.201625675,0.956879854,-0.235808343,-0.460437655,-0.316097379,0.074374586,0.524245977,-0.019455025,-1.208291054,1.088500738,-0.980653465,0.36153394,-0.461834252,-0.290773928,0.806642532,-0.262222916,0.049845036,0.134873688,1.64691174,-0.069566168,0.995694578,0.621825635,0.272505313,-0.543075204,-0.501667202,0.836895108,0.302194178,-0.096901938,-0.048481695,-0.914514601,0.189529032,-0.706246793,1.356938839,-0.137790442,0.298669517,0.124634251,0